Workbook

Sheet Raw_data
C5: Solar solution Aurélien | D5: Dorian
B6: AP | C6: 0.00717 | D6: 0.00462
B7: GWP | C7: 1.38 | D7: 0.92
B8: FETP | C8: 10.4
B9: FEP | C9: 1.27e-05
B10: MEP | C10: 0.00116
B11: TEP | C11: 0.0125
B12: HTPc | C12: 4.83e-10
B13: HTPnc | C13: 2.52e-08
B14: ODP | C14: 7.06e-12
B15: HOFP | C15: 0.00341
B16: Fossil | C16: 20.9
B17: Metal | C17: 0.000187
B18: WCP | C18: 0.34

Sheet Report_data
D2: number of sensor: | E2: 80
G3: Report Aurélien
D4: GaBi
C5: Units | D5: Solar solution Aurélien | E5: Dorian | G5: Sensor production | H5: Distribution | I5: Use phase | J5: SUM | K5: Energy source | L5: TOTAL
B6: AP | C6: Mole of H+ eq | D6: =$E$2*Raw_data!C6 -> 0.5736 | E6: =$E$2*Raw_data!D6 -> 0.3696 | G6: 0.54 | H6: 0.00524 | I6: 0.0229 | J6: =G6+H6+I6 -> 0.56814 | K6: 0.23 | L6: =J6+K6 -> 0.79814
B7: GWP | C7: kg CO2 eq | D7: =$E$2*Raw_data!C7 -> 110.4 | E7: =$E$2*Raw_data!D7 -> 73.6 | G7: 103 | H7: 4.07 | I7: 4.12 | J7: =G7+H7+I7 -> 111.19 | K7: 43.4 | L7: =J7+K7 -> 154.59
B8: FETP | C8: CTUe | D8: =$E$2*Raw_data!C8 -> 832 | G8: 741 | H8: 39.6 | I8: 228 | J8: =G8+H8+I8 -> 1008.6 | K8: 13.2 | L8: =J8+K8 -> 1021.8
B9: FEP | C9: kg P eq | D9: =$E$2*Raw_data!C9 -> 0.001016 | G9: 0.000845 | H9: 9.5e-06 | I9: 0.000164 | J9: =G9+H9+I9 -> 0.0010185 | K9: 0.34 | L9: =J9+K9 -> 0.3410185
B10: MEP | C10: kg N eq | D10: =$E$2*Raw_data!C10 -> 0.0928 | G10: 0.0845 | H10: 0.00193 | I10: 0.00538 | J10: =G10+H10+I10 -> 0.09181 | K10: 0.0349 | L10: =J10+K10 -> 0.12671
B11: TEP | C11: Mole of N eq | D11: =$E$2*Raw_data!C11 -> 1 | G11: 0.89 | H11: 0.023 | I11: 0.0755 | J11: =G11+H11+I11 -> 0.9885 | K11: 0.0588 | L11: =J11+K11 -> 1.0473
B12: HTPc | C12: CTUh | D12: =$E$2*Raw_data!C12 -> 3.864e-08 | G12: 3.11e-08 | H12: 7.98e-10 | I12: 4.99e-09 | J12: =G12+H12+I12 -> 3.6888e-08 | K12: 4.49e-07 | L12: =J12+K12 -> 4.85888e-07
B13: HTPnc | C13: CTUh | D13: =$E$2*Raw_data!C13 -> 2.016e-06 | G13: 1.9e-06 | H13: 4.05e-08 | I13: 3.14e-07 | J13: =G13+H13+I13 -> 2.2545e-06 | K13: 3.92e-06 | L13: =J13+K13 -> 6.1745e-06
B14: ODP | C14: kg CFC-11 eq | D14: =$E$2*Raw_data!C14 -> 5.648e-10 | G14: 5.59e-10 | H14: 9.94e-13 | I14: 2.73e-12 | J14: =G14+H14+I14 -> 5.62724e-10 | K14: 3.93e-06 | L14: =J14+K14 -> 3.9305627e-06
B15: HOFP | C15: kg NMVOC eq | D15: =$E$2*Raw_data!C15 -> 0.2728 | G15: 0.25 | H15: 0.00461 | I15: 0.0158 | J15: =G15+H15+I15 -> 0.27041 | K15: 0.0979 | L15: =J15+K15 -> 0.36831
B16: Fossil | C16: MJ | D16: =$E$2*Raw_data!C16 -> 1672 | G16: 30 | H16: 1.29 | I16: 7.85 | J16: =G16+H16+I16 -> 39.14 | K16: 9.71 | L16: =J16+K16 -> 48.85
B17: Metal | C17: kg Sb eq | D17: =$E$2*Raw_data!C17 -> 0.01496 | G17: 4.3 | H17: 0.00524 | I17: 0.14 | J17: =G17+H17+I17 -> 4.44524 | K17: 0.2 | L17: =J17+K17 -> 4.64524
B18: WCP | C18: m³ world eq | D18: =$E$2*Raw_data!C18 -> 27.2 | G18: 26.8 | H18: 0.0212 | I18: 0.34 | J18: =G18+H18+I18 -> 27.1612 | K18: 1.13 | L18: =J18+K18 -> 28.2912
C23: How to find 43.4 ?
D24: AC SC [kgCO2e/F] | E24: 0.00424
D25: Total SC (20F) [kg CO2e] | E25: =20*E24 -> 0.0848
D27: PV DISC(Galley) [kg CO2e/cell] | E27: 3.09
D28: Cell area (Galley)[m²] | E28: 0.024336
D29: PV DISC [kg CO2e/m²] | E29: =E27/E28 -> 126.97239 | H29: 199.75
D30: Dryad cell area [m²] | E30: =36/10000 -> 0.0036 | F30: car 36 cm²
D31: PV Dryad [kgCO2e] | E31: =E29*E30 -> 0.45710059 | H31: =E30*H29 -> 0.7191
D33: Total per sensor [kgCO2e] | E33: =E25+E31 -> 0.54190059 | H33: =E25+H31 -> 0.8039
D34: Total for 80 sensors [kg CO2e] | E34: =E33*E2 -> 43.352047 | H34: =H33*80 -> 64.312
C37: For our system | D37: Total SC (14F) [kgCO2e] | E37: =14*E24 -> 0.05936
D39: Module area [m²] | E39: =9.66/10000 -> 0.000966 | F39: car 8 cm²
D40: Total PV [kgCO2e] | E40: =E29*E39 -> 0.12265533 | F40: considering same material | H40: =E39*199.75 -> 0.1929585
D42: Total per sensor [kg CO2e] | E42: =E37+E40 -> 0.18201533 | H42: =E37+H40 -> 0.2523185
D43: Total for 80 sensors [kg CO2e] | E43: =80*E42 -> 14.561226 | H43: =80*H42 -> 20.18548
F48: GWP [kg CO2e] | G48: For 80 sensors | H48: Per sensor
F49: Dryad | G49: =D7+E34 -> 153.75205 | H49: =G49/80 -> 1.9219006 | I49: considering the DISC PV material
F50: New prototype | G50: =E7+E43 -> 88.161226 | H50: =G50/80 -> 1.1020153
F51: Dryad | G51: =D7+H34 -> 174.712 | H51: =G51/80 -> 2.1839 | I51: considering the Mono-Si PV material
F52: New prototype | G52: =E7+H43 -> 93.78548 | H52: =G52/80 -> 1.1723185
